user_id,product_id,purchase_count,average_interval,last_interval,average_quantity,last_quantity,category_type,reminder_interval_days,days_to_next_purchase
1,1,2,7.0,7,1.5,1.0,0,7.0,14
1,1,3,10.5,14,1.6666666666666667,2.0,0,7.0,10
1,1,4,10.333333333333334,10,1.5,1.0,0,7.0,21
1,1,5,13.0,21,1.4,1.0,0,7.0,10
1,3,2,7.0,7,1.5,2.0,0,7.0,7
1,3,3,7.0,7,1.3333333333333333,1.0,0,7.0,24
1,7,2,30.0,30,1.0,1.0,1,30.0,20
1,7,3,25.0,20,1.0,1.0,1,30.0,10
1,7,4,20.0,10,1.0,1.0,1,30.0,20
1,7,5,20.0,20,1.0,1.0,1,30.0,10
1,11,2,30.0,30,2.0,2.0,2,15.0,31
1,11,3,30.5,31,2.0,2.0,2,15.0,4
1,11,4,21.666666666666668,4,1.75,1.0,2,15.0,24
1,11,5,22.25,24,1.6,1.0,2,15.0,2
2,1,2,7.0,7,1.5,1.0,0,7.0,14
2,1,3,10.5,14,1.6666666666666667,2.0,0,7.0,10
2,1,4,10.333333333333334,10,1.5,1.0,0,7.0,21
2,1,5,13.0,21,1.4,1.0,0,7.0,10
2,3,2,7.0,7,1.5,2.0,0,7.0,7
2,3,3,7.0,7,1.3333333333333333,1.0,0,7.0,24
2,8,2,30.0,30,1.0,1.0,1,30.0,29
2,8,3,29.5,29,1.0,1.0,1,30.0,2
2,8,4,20.333333333333332,2,1.0,1.0,1,30.0,29
2,8,5,22.5,29,1.0,1.0,1,30.0,2
2,13,2,30.0,30,2.0,2.0,2,15.0,31
2,13,3,30.5,31,2.0,2.0,2,15.0,2
2,13,4,21.0,2,2.5,4.0,2,15.0,24
2,13,5,21.75,24,2.8,4.0,2,15.0,5
