customer_id,product_id,purchase_date,quantity
C001,P001,2026-01-01,1
C001,P001,2026-01-06,3
C001,P001,2026-01-12,2
C001,P001,2026-01-18,1
C001,P001,2026-01-28,5
C001,P001,2026-02-02,5
C001,P001,2026-02-10,1
C001,P001,2026-02-15,1
C001,P001,2026-02-21,2
C001,P001,2026-03-02,5
C001,P002,2026-01-01,5
C001,P002,2026-01-07,5
C001,P002,2026-01-15,2
C001,P002,2026-01-23,5
C001,P002,2026-01-30,1
C001,P002,2026-02-05,4
C001,P002,2026-02-12,3
C001,P002,2026-02-18,2
C001,P002,2026-02-25,1
C001,P002,2026-03-02,4
C001,P003,2026-01-01,3
C001,P003,2026-01-08,5
C001,P003,2026-01-15,1
C001,P003,2026-01-25,4
C001,P003,2026-02-03,1
C001,P003,2026-02-11,1
C001,P003,2026-02-20,3
C001,P003,2026-03-02,5
C001,P003,2026-03-09,5
C001,P003,2026-03-15,1
C002,P001,2026-01-01,2
C002,P001,2026-01-08,1
C002,P001,2026-01-14,1
C002,P001,2026-01-22,3
C002,P001,2026-01-30,3
C002,P001,2026-02-05,3
C002,P001,2026-02-12,2
C002,P001,2026-02-22,3
C002,P001,2026-03-04,1
C002,P001,2026-03-13,2
C002,P002,2026-01-01,2
C002,P002,2026-01-07,4
C002,P002,2026-01-15,3
C002,P002,2026-01-25,5
C002,P002,2026-01-31,3
C002,P002,2026-02-05,2
C002,P002,2026-02-10,3
C002,P002,2026-02-18,3
C002,P002,2026-02-23,2
C002,P002,2026-03-04,3
C002,P003,2026-01-01,4
C002,P003,2026-01-09,4
C002,P003,2026-01-15,3
C002,P003,2026-01-21,2
C002,P003,2026-01-31,5
C002,P003,2026-02-09,3
C002,P003,2026-02-19,5
C002,P003,2026-02-27,5
C002,P003,2026-03-07,3
C002,P003,2026-03-13,2
C003,P001,2026-01-01,4
C003,P001,2026-01-06,1
C003,P001,2026-01-11,2
C003,P001,2026-01-21,2
C003,P001,2026-01-31,4
C003,P001,2026-02-09,1
C003,P001,2026-02-17,4
C003,P001,2026-02-26,4
C003,P001,2026-03-07,3
C003,P001,2026-03-16,1
C003,P002,2026-01-01,1
C003,P002,2026-01-11,5
C003,P002,2026-01-18,3
C003,P002,2026-01-23,3
C003,P002,2026-01-31,2
C003,P002,2026-02-08,1
C003,P002,2026-02-18,3
C003,P002,2026-02-27,2
C003,P002,2026-03-08,1
C003,P002,2026-03-18,3
C003,P003,2026-01-01,5
C003,P003,2026-01-10,2
C003,P003,2026-01-16,3
C003,P003,2026-01-22,5
C003,P003,2026-01-31,1
C003,P003,2026-02-09,3
C003,P003,2026-02-17,1
C003,P003,2026-02-22,3
C003,P003,2026-03-01,2
C003,P003,2026-03-06,2
C004,P001,2026-01-01,1
C004,P001,2026-01-06,4
C004,P001,2026-01-11,5
C004,P001,2026-01-17,2
C004,P001,2026-01-27,4
C004,P001,2026-02-05,2
C004,P001,2026-02-12,5
C004,P001,2026-02-21,4
C004,P001,2026-02-27,5
C004,P001,2026-03-09,2
C004,P002,2026-01-01,3
C004,P002,2026-01-09,3
C004,P002,2026-01-17,5
C004,P002,2026-01-25,1
C004,P002,2026-01-31,2
C004,P002,2026-02-05,3
C004,P002,2026-02-10,5
C004,P002,2026-02-19,2
C004,P002,2026-02-28,2
C004,P002,2026-03-05,1
C004,P003,2026-01-01,1
C004,P003,2026-01-07,1
C004,P003,2026-01-12,3
C004,P003,2026-01-17,5
C004,P003,2026-01-23,3
C004,P003,2026-02-02,4
C004,P003,2026-02-08,5
C004,P003,2026-02-14,5
C004,P003,2026-02-23,4
C004,P003,2026-03-01,4
C005,P001,2026-01-01,2
C005,P001,2026-01-06,1
C005,P001,2026-01-16,4
C005,P001,2026-01-23,4
C005,P001,2026-01-31,4
C005,P001,2026-02-10,1
C005,P001,2026-02-20,1
C005,P001,2026-02-25,4
C005,P001,2026-03-07,3
C005,P001,2026-03-12,2
C005,P002,2026-01-01,2
C005,P002,2026-01-10,4
C005,P002,2026-01-16,4
C005,P002,2026-01-22,3
C005,P002,2026-01-30,2
C005,P002,2026-02-04,4
C005,P002,2026-02-13,1
C005,P002,2026-02-18,5
C005,P002,2026-02-23,1
C005,P002,2026-03-01,2
C005,P003,2026-01-01,4
C005,P003,2026-01-09,2
C005,P003,2026-01-17,1
C005,P003,2026-01-23,4
C005,P003,2026-01-28,4
C005,P003,2026-02-04,4
C005,P003,2026-02-11,4
C005,P003,2026-02-21,5
C005,P003,2026-03-03,4
C005,P003,2026-03-09,2
